INSERT INTO `sys_user` (`sysUserId`, `username`, `password`, `userCode`, `realName`, `mobile`, `email`, `address`, `avatar`, `loginCount`, `lastLogin`, `status`, `createTime`, `updateTime`)
VALUES
	(1, 'admin', '$2a$04$A6BeOiP00PGQukDoYbu7q.Ch6DDrSYwi32BLIUimUUaJF81Jw8OjC', 'NULL', 'admin', NULL, NULL, NULL, NULL, 0, NULL, 0, '2016-08-27 11:54:06', '2016-08-27 11:54:06'),
	(2, 'user', '$2a$04$A6BeOiP00PGQukDoYbu7q.Ch6DDrSYwi32BLIUimUUaJF81Jw8OjC', 'NULL', 'user', NULL, NULL, NULL, NULL, 0, NULL, 0, '2016-08-27 11:54:06', '2016-08-27 11:54:06'),
	(10, 'lihuibo', '$2a$04$A6BeOiP00PGQukDoYbu7q.Ch6DDrSYwi32BLIUimUUaJF81Jw8OjC', 'NULL', '李慧波', NULL, NULL, NULL, NULL, 0, NULL, 0, '2016-08-28 11:29:03', '2016-08-28 11:47:41'),
	(11, 'wangwenke', '$2a$04$A6BeOiP00PGQukDoYbu7q.Ch6DDrSYwi32BLIUimUUaJF81Jw8OjC', 'NULL', '王文科', NULL, NULL, NULL, NULL, 0, NULL, 0, '2016-08-28 11:29:03', '2016-08-28 11:48:11'),
	(12, 'wanglufeng', '$2a$04$A6BeOiP00PGQukDoYbu7q.Ch6DDrSYwi32BLIUimUUaJF81Jw8OjC', 'NULL', '王陆风', NULL, NULL, NULL, NULL, 0, NULL, 0, '2016-08-28 11:29:03', '2016-08-28 11:48:18'),
	(13, 'caozhigang', '$2a$04$A6BeOiP00PGQukDoYbu7q.Ch6DDrSYwi32BLIUimUUaJF81Jw8OjC', 'NULL', '曹志刚', NULL, NULL, NULL, NULL, 0, NULL, 0, '2016-08-28 11:29:03', '2016-08-28 11:48:25'),
	(14, 'zhangyumei', '$2a$04$A6BeOiP00PGQukDoYbu7q.Ch6DDrSYwi32BLIUimUUaJF81Jw8OjC', 'NULL', '张玉美', NULL, NULL, NULL, NULL, 0, NULL, 0, '2016-08-28 11:29:03', '2016-08-28 11:48:31'),
	(15, 'xuejinhong', '$2a$04$A6BeOiP00PGQukDoYbu7q.Ch6DDrSYwi32BLIUimUUaJF81Jw8OjC', 'NULL', '薛金红', NULL, NULL, NULL, NULL, 0, NULL, 0, '2016-08-28 11:29:03', '2016-08-28 11:48:38'),
	(16, 'chenmei', '$2a$04$A6BeOiP00PGQukDoYbu7q.Ch6DDrSYwi32BLIUimUUaJF81Jw8OjC', 'NULL', '陈梅', NULL, NULL, NULL, NULL, 0, NULL, 0, '2016-08-28 11:29:03', '2016-08-28 11:48:43'),
	(17, 'jiangyali', '$2a$04$A6BeOiP00PGQukDoYbu7q.Ch6DDrSYwi32BLIUimUUaJF81Jw8OjC', 'NULL', '姜亚丽', NULL, NULL, NULL, NULL, 0, NULL, 0, '2016-08-28 11:29:03', '2016-08-28 11:48:49'),
	(18, 'baixuelian', '$2a$04$A6BeOiP00PGQukDoYbu7q.Ch6DDrSYwi32BLIUimUUaJF81Jw8OjC', 'NULL', '白雪莲', NULL, NULL, NULL, NULL, 0, NULL, 0, '2016-08-28 11:29:03', '2016-08-28 11:48:55'),
	(19, 'guojingjing', '$2a$04$A6BeOiP00PGQukDoYbu7q.Ch6DDrSYwi32BLIUimUUaJF81Jw8OjC', 'NULL', '郭晶晶', NULL, NULL, NULL, NULL, 0, NULL, 0, '2016-08-28 11:29:03', '2016-08-28 11:48:59'),
	(20, 'zhaoshuhua', '$2a$04$A6BeOiP00PGQukDoYbu7q.Ch6DDrSYwi32BLIUimUUaJF81Jw8OjC', 'NULL', '赵树花', NULL, NULL, NULL, NULL, 0, NULL, 0, '2016-08-28 11:29:03', '2016-08-28 11:49:04'),
	(21, 'xizhiping', '$2a$04$A6BeOiP00PGQukDoYbu7q.Ch6DDrSYwi32BLIUimUUaJF81Jw8OjC', 'NULL', '席志平', NULL, NULL, NULL, NULL, 0, NULL, 0, '2016-08-28 11:29:03', '2016-08-28 11:49:13'),
	(22, 'wangfang', '$2a$04$A6BeOiP00PGQukDoYbu7q.Ch6DDrSYwi32BLIUimUUaJF81Jw8OjC', 'NULL', '王芳', NULL, NULL, NULL, NULL, 0, NULL, 0, '2016-08-28 11:29:03', '2016-08-28 11:49:20'),
	(23, 'zhouguihua', '$2a$04$A6BeOiP00PGQukDoYbu7q.Ch6DDrSYwi32BLIUimUUaJF81Jw8OjC', 'NULL', '周桂华', NULL, NULL, NULL, NULL, 0, NULL, 0, '2016-08-28 11:29:03', '2016-08-28 11:49:35'),
	(24, 'caochunxiang', '$2a$04$A6BeOiP00PGQukDoYbu7q.Ch6DDrSYwi32BLIUimUUaJF81Jw8OjC', 'NULL', '曹春香', NULL, NULL, NULL, NULL, 0, NULL, 0, '2016-08-28 11:29:03', '2016-08-28 11:49:40'),
	(25, 'lixiaoyan', '$2a$04$A6BeOiP00PGQukDoYbu7q.Ch6DDrSYwi32BLIUimUUaJF81Jw8OjC', 'NULL', '李小燕', NULL, NULL, NULL, NULL, 0, NULL, 0, '2016-08-28 11:29:03', '2016-08-28 11:49:52'),
	(26, 'zhouqing', '$2a$04$A6BeOiP00PGQukDoYbu7q.Ch6DDrSYwi32BLIUimUUaJF81Jw8OjC', 'NULL', '周青', NULL, NULL, NULL, NULL, 0, NULL, 0, '2016-08-28 11:29:03', '2016-08-28 11:49:59'),
	(27, 'yuanyu', '$2a$04$A6BeOiP00PGQukDoYbu7q.Ch6DDrSYwi32BLIUimUUaJF81Jw8OjC', 'NULL', '袁宇', NULL, NULL, NULL, NULL, 0, NULL, 0, '2016-08-28 11:29:03', '2016-08-28 11:50:04'),
	(28, 'songyunkun', '$2a$04$A6BeOiP00PGQukDoYbu7q.Ch6DDrSYwi32BLIUimUUaJF81Jw8OjC', 'NULL', '宋运坤', NULL, NULL, NULL, NULL, 0, NULL, 0, '2016-08-28 11:29:03', '2016-08-28 11:50:10'),
	(29, 'baohaiqiang', '$2a$04$A6BeOiP00PGQukDoYbu7q.Ch6DDrSYwi32BLIUimUUaJF81Jw8OjC', 'NULL', '鲍海强', NULL, NULL, NULL, NULL, 0, NULL, 0, '2016-08-28 11:29:03', '2016-08-28 11:50:19'),
	(30, 'guoxiurong', '$2a$04$A6BeOiP00PGQukDoYbu7q.Ch6DDrSYwi32BLIUimUUaJF81Jw8OjC', 'NULL', '郭秀荣', NULL, NULL, NULL, NULL, 0, NULL, 0, '2016-08-28 11:29:03', '2016-08-28 11:50:26'),
	(31, 'zhangmei', '$2a$04$A6BeOiP00PGQukDoYbu7q.Ch6DDrSYwi32BLIUimUUaJF81Jw8OjC', 'NULL', '张梅', NULL, NULL, NULL, NULL, 0, NULL, 0, '2016-08-28 11:29:03', '2016-08-28 11:50:34'),
	(32, 'wangrongrong', '$2a$04$A6BeOiP00PGQukDoYbu7q.Ch6DDrSYwi32BLIUimUUaJF81Jw8OjC', 'NULL', '王荣荣', NULL, NULL, NULL, NULL, 0, NULL, 0, '2016-08-28 11:29:03', '2016-08-28 11:50:41'),
	(33, 'lihongyu', '$2a$04$A6BeOiP00PGQukDoYbu7q.Ch6DDrSYwi32BLIUimUUaJF81Jw8OjC', 'NULL', '李洪玉', NULL, NULL, NULL, NULL, 0, NULL, 0, '2016-08-28 11:29:03', '2016-08-28 11:50:49'),
	(34, 'xiezhongzheng', '$2a$04$A6BeOiP00PGQukDoYbu7q.Ch6DDrSYwi32BLIUimUUaJF81Jw8OjC', 'NULL', '谢中政', NULL, NULL, NULL, NULL, 0, NULL, 0, '2016-08-28 11:29:03', '2016-08-28 11:50:55'),
	(35, 'zhanghaijun', '$2a$04$A6BeOiP00PGQukDoYbu7q.Ch6DDrSYwi32BLIUimUUaJF81Jw8OjC', 'NULL', '张海军', NULL, NULL, NULL, NULL, 0, NULL, 0, '2016-08-28 11:29:03', '2016-08-28 11:51:04'),
	(36, 'liweiwei', '$2a$04$A6BeOiP00PGQukDoYbu7q.Ch6DDrSYwi32BLIUimUUaJF81Jw8OjC', 'NULL', '李为为', NULL, NULL, NULL, NULL, 0, NULL, 0, '2016-08-28 11:29:03', '2016-08-28 11:51:10'),
	(37, 'yulunxin', '$2a$04$A6BeOiP00PGQukDoYbu7q.Ch6DDrSYwi32BLIUimUUaJF81Jw8OjC', 'NULL', '余伦信', NULL, NULL, NULL, NULL, 0, NULL, 0, '2016-08-28 11:29:03', '2016-08-28 11:51:17'),
	(38, 'liushengli', '$2a$04$A6BeOiP00PGQukDoYbu7q.Ch6DDrSYwi32BLIUimUUaJF81Jw8OjC', 'NULL', '刘胜利', NULL, NULL, NULL, NULL, 0, NULL, 0, '2016-08-28 11:29:03', '2016-08-28 11:51:24'),
	(39, 'jiazhongping', '$2a$04$A6BeOiP00PGQukDoYbu7q.Ch6DDrSYwi32BLIUimUUaJF81Jw8OjC', 'NULL', '贾忠平', NULL, NULL, NULL, NULL, 0, NULL, 0, '2016-08-28 11:29:03', '2016-08-28 11:51:29'),
	(40, 'wangjianfeng', '$2a$04$A6BeOiP00PGQukDoYbu7q.Ch6DDrSYwi32BLIUimUUaJF81Jw8OjC', 'NULL', '王建锋', NULL, NULL, NULL, NULL, 0, NULL, 0, '2016-08-28 11:29:03', '2016-08-28 11:51:31'),
	(41, 'liuwei', '$2a$04$A6BeOiP00PGQukDoYbu7q.Ch6DDrSYwi32BLIUimUUaJF81Jw8OjC', 'NULL', '刘伟', NULL, NULL, NULL, NULL, 0, NULL, 0, '2016-08-28 11:29:03', '2016-08-28 11:29:03'),
	(42, 'userss42', '$2a$04$A6BeOiP00PGQukDoYbu7q.Ch6DDrSYwi32BLIUimUUaJF81Jw8OjC', 'NULL', 'userss42', NULL, NULL, NULL, NULL, 0, NULL, 0, '2016-08-28 11:29:03', '2016-08-28 11:29:03'),
	(43, 'userss43', '$2a$04$A6BeOiP00PGQukDoYbu7q.Ch6DDrSYwi32BLIUimUUaJF81Jw8OjC', 'NULL', 'userss43', NULL, NULL, NULL, NULL, 0, NULL, 0, '2016-08-28 11:29:03', '2016-08-28 11:29:03'),
	(44, 'userss44', '$2a$04$A6BeOiP00PGQukDoYbu7q.Ch6DDrSYwi32BLIUimUUaJF81Jw8OjC', 'NULL', 'userss44', NULL, NULL, NULL, NULL, 0, NULL, 0, '2016-08-28 11:29:03', '2016-08-28 11:29:03'),
	(45, 'userss45', '$2a$04$A6BeOiP00PGQukDoYbu7q.Ch6DDrSYwi32BLIUimUUaJF81Jw8OjC', 'NULL', 'userss45', NULL, NULL, NULL, NULL, 0, NULL, 0, '2016-08-28 11:29:03', '2016-08-28 11:29:03'),
	(46, 'userss46', '$2a$04$A6BeOiP00PGQukDoYbu7q.Ch6DDrSYwi32BLIUimUUaJF81Jw8OjC', 'NULL', 'userss46', NULL, NULL, NULL, NULL, 0, NULL, 0, '2016-08-28 11:29:03', '2016-08-28 11:29:03'),
	(47, 'userss47', '$2a$04$A6BeOiP00PGQukDoYbu7q.Ch6DDrSYwi32BLIUimUUaJF81Jw8OjC', 'NULL', 'userss47', NULL, NULL, NULL, NULL, 0, NULL, 0, '2016-08-28 11:29:03', '2016-08-28 11:29:03'),
	(48, 'userss48', '$2a$04$A6BeOiP00PGQukDoYbu7q.Ch6DDrSYwi32BLIUimUUaJF81Jw8OjC', 'NULL', 'userss48', NULL, NULL, NULL, NULL, 0, NULL, 0, '2016-08-28 11:29:03', '2016-08-28 11:29:03'),
	(49, 'userss49', '$2a$04$A6BeOiP00PGQukDoYbu7q.Ch6DDrSYwi32BLIUimUUaJF81Jw8OjC', 'NULL', 'userss49', NULL, NULL, NULL, NULL, 0, NULL, 0, '2016-08-28 11:29:03', '2016-08-28 11:29:03');

INSERT INTO `sys_user_has_sys_role` (`userId`, `roleId`)
VALUES
	(1, 1),
	(2, 2),
	(10, 2),
	(11, 2),
	(12, 2),
	(13, 2),
	(14, 2),
	(15, 2),
	(16, 2),
	(17, 2),
	(18, 2),
	(19, 2),
	(20, 2),
	(21, 2),
	(22, 2),
	(23, 2),
	(24, 2),
	(25, 2),
	(26, 2),
	(27, 2),
	(28, 2),
	(29, 2),
	(30, 2),
	(31, 2),
	(32, 2),
	(33, 2),
	(34, 2),
	(35, 2),
	(36, 2),
	(37, 2),
	(38, 2),
	(39, 2),
	(40, 2),
	(41, 2),
	(42, 2),
	(43, 2),
	(44, 2),
	(45, 2),
	(46, 2),
	(47, 2),
	(48, 2),
	(49, 2);

INSERT INTO `sys_role` (`sysRoleId`, `roleName`, `roleDesc`, `roleParentId`, `permissionName`, `status`, `createTime`, `updateTime`) VALUES (NULL, '超级管理员', NULL, NULL, 'ROLE_ADMIN', '0', CURRENT_TIMESTAMP, CURRENT_TIMESTAMP);
INSERT INTO `sys_role` (`sysRoleId`, `roleName`, `roleDesc`, `roleParentId`, `permissionName`, `status`, `createTime`, `updateTime`) VALUES (NULL, '普通用户', NULL, NULL, 'ROLE_USER', '0', CURRENT_TIMESTAMP, CURRENT_TIMESTAMP);
INSERT INTO `sys_role` (`sysRoleId`, `roleName`, `roleDesc`, `roleParentId`, `permissionName`, `status`, `createTime`, `updateTime`) VALUES (NULL, '数据维护', NULL, NULL, 'ROLE_ADMIN', '0', CURRENT_TIMESTAMP, CURRENT_TIMESTAMP);
INSERT INTO `sys_role` (`sysRoleId`, `roleName`, `roleDesc`, `roleParentId`, `permissionName`, `status`, `createTime`, `updateTime`) VALUES (NULL, '数据分析', NULL, NULL, 'ROLE_ADMIN', '0', CURRENT_TIMESTAMP, CURRENT_TIMESTAMP);

INSERT INTO `sys_module` (`sysModuleId`, `moduleName`, `moduleParentId`, `moduleUrl`, `status`, `createTime`, `updateTime`) VALUES (1, '发货单', NULL, '/admin/shipOrder', '0', CURRENT_TIMESTAMP, CURRENT_TIMESTAMP);
INSERT INTO `sys_module` (`sysModuleId`, `moduleName`, `moduleParentId`, `moduleUrl`, `status`, `createTime`, `updateTime`) VALUES (2, '导入发货单', 1, '/admin/shipOrder/import', '0', CURRENT_TIMESTAMP, CURRENT_TIMESTAMP);
INSERT INTO `sys_module` (`sysModuleId`, `moduleName`, `moduleParentId`, `moduleUrl`, `status`, `createTime`, `updateTime`) VALUES (3, '发货单列表', 1, '/admin/shipOrder/list', '0', CURRENT_TIMESTAMP, CURRENT_TIMESTAMP);
INSERT INTO `sys_module` (`sysModuleId`, `moduleName`, `moduleParentId`, `moduleUrl`, `status`, `createTime`, `updateTime`) VALUES (4, '导出老师校验单', 1, '/admin/shipOrder/verifyTeacher', '0', CURRENT_TIMESTAMP, CURRENT_TIMESTAMP);
INSERT INTO `sys_module` (`sysModuleId`, `moduleName`, `moduleParentId`, `moduleUrl`, `status`, `createTime`, `updateTime`) VALUES (5, '导出发货结果', 1, '/admin/shipOrder/dispatched', '0', CURRENT_TIMESTAMP, CURRENT_TIMESTAMP);
INSERT INTO `sys_module` (`sysModuleId`, `moduleName`, `moduleParentId`, `moduleUrl`, `status`, `createTime`, `updateTime`) VALUES (6, '统计', NULL, '/admin/statistics', '0', CURRENT_TIMESTAMP, CURRENT_TIMESTAMP);
INSERT INTO `sys_module` (`sysModuleId`, `moduleName`, `moduleParentId`, `moduleUrl`, `status`, `createTime`, `updateTime`) VALUES (7, '计件统计', 6, '/admin/statistics/piecework', '0', CURRENT_TIMESTAMP, CURRENT_TIMESTAMP);
INSERT INTO `sys_module` (`sysModuleId`, `moduleName`, `moduleParentId`, `moduleUrl`, `status`, `createTime`, `updateTime`) VALUES (8, '扫描异常处理', NULL, '/admin/scanException', '0', CURRENT_TIMESTAMP, CURRENT_TIMESTAMP);
INSERT INTO `sys_module` (`sysModuleId`, `moduleName`, `moduleParentId`, `moduleUrl`, `status`, `createTime`, `updateTime`) VALUES (9, '录入单号', 8, '/admin/scanException/inputNumber', '0', CURRENT_TIMESTAMP, CURRENT_TIMESTAMP);
INSERT INTO `sys_module` (`sysModuleId`, `moduleName`, `moduleParentId`, `moduleUrl`, `status`, `createTime`, `updateTime`) VALUES (10, '修正工序', 8, '/admin/scanException/revision', '0', CURRENT_TIMESTAMP, CURRENT_TIMESTAMP);

INSERT INTO `sys_module` (`sysModuleId`, `moduleName`, `moduleParentId`, `moduleUrl`, `status`, `createTime`, `updateTime`) VALUES (11, '计件工序', NULL, '/piecework', '0', CURRENT_TIMESTAMP, CURRENT_TIMESTAMP);
INSERT INTO `sys_module` (`sysModuleId`, `moduleName`, `moduleParentId`, `moduleUrl`, `status`, `createTime`, `updateTime`) VALUES (12, '划单', 11, '/piecework/cutOrder', '0', CURRENT_TIMESTAMP, CURRENT_TIMESTAMP);
INSERT INTO `sys_module` (`sysModuleId`, `moduleName`, `moduleParentId`, `moduleUrl`, `status`, `createTime`, `updateTime`) VALUES (13, '捡货', 11, '/piecework/picking', '0', CURRENT_TIMESTAMP, CURRENT_TIMESTAMP);
INSERT INTO `sys_module` (`sysModuleId`, `moduleName`, `moduleParentId`, `moduleUrl`, `status`, `createTime`, `updateTime`) VALUES (14, '打包', 11, '/piecework/package', '0', CURRENT_TIMESTAMP, CURRENT_TIMESTAMP);

INSERT INTO `sys_module` (`sysModuleId`, `moduleName`, `moduleParentId`, `moduleUrl`, `status`, `createTime`, `updateTime`) VALUES (15, '导入老师校验单', 1, '/admin/shipOrder/importVerifyTeacher', '0', CURRENT_TIMESTAMP, CURRENT_TIMESTAMP);
INSERT INTO `sys_module` (`sysModuleId`, `moduleName`, `moduleParentId`, `moduleUrl`, `status`, `createTime`, `updateTime`) VALUES (16, '导出快递单及发货清单', 1, '/admin/shipOrder/exportExpress', '0', CURRENT_TIMESTAMP, CURRENT_TIMESTAMP);
INSERT INTO `sys_module` (`sysModuleId`, `moduleName`, `moduleParentId`, `moduleUrl`, `status`, `createTime`, `updateTime`) VALUES (17, '导入快递单号', 1, '/admin/shipOrder/importExpressNo', '0', CURRENT_TIMESTAMP, CURRENT_TIMESTAMP);
INSERT INTO `sys_module` (`sysModuleId`, `moduleName`, `moduleParentId`, `moduleUrl`, `status`, `createTime`, `updateTime`) VALUES (18, '导入快递价格', 1, '/admin/shipOrder/importExpressPrice', '0', CURRENT_TIMESTAMP, CURRENT_TIMESTAMP);
INSERT INTO `sys_module` (`sysModuleId`, `moduleName`, `moduleParentId`, `moduleUrl`, `status`, `createTime`, `updateTime`) VALUES (19, '导出快递单及发货清单', 1, '/admin/export/exportExpress', '0', CURRENT_TIMESTAMP, CURRENT_TIMESTAMP);

INSERT INTO `sys_module` (`sysModuleId`, `moduleName`, `moduleParentId`, `moduleUrl`, `status`, `createTime`, `updateTime`) VALUES (20, '导入快递收货人', 1, '/admin/shipOrder/importExpressConsignee', '0', CURRENT_TIMESTAMP, CURRENT_TIMESTAMP);
INSERT INTO `sys_module` (`sysModuleId`, `moduleName`, `moduleParentId`, `moduleUrl`, `status`, `createTime`, `updateTime`) VALUES (21, '计件详情', 6, '/admin/statistics/info', 0, '2016-09-02 22:36:28', '2016-09-02 22:36:28');
INSERT INTO `sys_module` (`sysModuleId`, `moduleName`, `moduleParentId`, `moduleUrl`, `status`, `createTime`, `updateTime`) VALUES (22, '用户统计', NULL, '/user/statistics/piecework', 0, '2016-09-25 16:37:20', '2016-09-25 16:37:20');
INSERT INTO `sys_module` (`sysModuleId`, `moduleName`, `moduleParentId`, `moduleUrl`, `status`, `createTime`, `updateTime`) VALUES (23, '未打包数据统计', 6, '/admin/statistics/pieceworkUnPackage', 0, '2016-09-26 21:40:28', '2016-09-26 21:40:28');

INSERT INTO `sys_module` (`sysModuleId`, `moduleName`, `moduleParentId`, `moduleUrl`, `status`) VALUES (24, '系统管理', NULL, '/admin/systemConfig', 0);
INSERT INTO `sys_module` (`sysModuleId`, `moduleName`, `moduleParentId`, `moduleUrl`, `status`) VALUES (25, '用户管理', 24, '/admin/systemConfig/userManager', 0);
INSERT INTO `sys_module` (`sysModuleId`, `moduleName`, `moduleParentId`, `moduleUrl`, `status`) VALUES (26, '角色管理', 24, '/admin/systemConfig/roleManager', 0);
INSERT INTO `sys_module` (`sysModuleId`, `moduleName`, `moduleParentId`, `moduleUrl`, `status`) VALUES (27, '模块管理', 24, '/admin/systemConfig/moduleManager', 0);
INSERT INTO `sys_module` (`sysModuleId`, `moduleName`, `moduleParentId`, `moduleUrl`, `status`) VALUES (28, '关键字维护', 24, '/admin/systemConfig/keywordManager', 0);
INSERT INTO `sys_module` (`sysModuleId`, `moduleName`, `moduleParentId`, `moduleUrl`, `status`) VALUES (29, '配置表维护', 24, '/admin/systemConfig/configTable', 0);

INSERT INTO `sys_module` (`sysModuleId`, `moduleName`, `moduleParentId`, `moduleUrl`, `status`) VALUES (30, '监控', NULL, '/loggers', 0);
INSERT INTO `sys_module` (`sysModuleId`, `moduleName`, `moduleParentId`, `moduleUrl`, `status`) VALUES (31, '个人信息', NULL, '/userProfile', 0);
INSERT INTO `sys_module` (`sysModuleId`, `moduleName`, `moduleParentId`, `moduleUrl`, `status`) VALUES (32, '修改个人资料', 31, '/userProfile/edit', 0);
INSERT INTO `sys_module` (`sysModuleId`, `moduleName`, `moduleParentId`, `moduleUrl`, `status`) VALUES (33, '修改登录密码', 31, '/userProfile/password', 0);
INSERT INTO `sys_module` (`sysModuleId`, `moduleName`, `moduleParentId`, `moduleUrl`, `status`) VALUES (34, '修改头像', 31, '/userProfile/avatar', 0);

INSERT INTO `sys_role_has_sys_module` (`roleId`, `moduleId`) VALUES ('1', '1');
INSERT INTO `sys_role_has_sys_module` (`roleId`, `moduleId`) VALUES ('1', '2');
INSERT INTO `sys_role_has_sys_module` (`roleId`, `moduleId`) VALUES ('1', '3');
INSERT INTO `sys_role_has_sys_module` (`roleId`, `moduleId`) VALUES ('1', '4');
INSERT INTO `sys_role_has_sys_module` (`roleId`, `moduleId`) VALUES ('1', '5');
INSERT INTO `sys_role_has_sys_module` (`roleId`, `moduleId`) VALUES ('1', '6');
INSERT INTO `sys_role_has_sys_module` (`roleId`, `moduleId`) VALUES ('1', '7');
INSERT INTO `sys_role_has_sys_module` (`roleId`, `moduleId`) VALUES ('1', '8');
INSERT INTO `sys_role_has_sys_module` (`roleId`, `moduleId`) VALUES ('1', '9');
INSERT INTO `sys_role_has_sys_module` (`roleId`, `moduleId`) VALUES ('1', '10');
INSERT INTO `sys_role_has_sys_module` (`roleId`, `moduleId`) VALUES ('1', '15');
INSERT INTO `sys_role_has_sys_module` (`roleId`, `moduleId`) VALUES ('1', '16');
INSERT INTO `sys_role_has_sys_module` (`roleId`, `moduleId`) VALUES ('1', '17');
INSERT INTO `sys_role_has_sys_module` (`roleId`, `moduleId`) VALUES ('1', '18');
INSERT INTO `sys_role_has_sys_module` (`roleId`, `moduleId`) VALUES ('1', '19');
INSERT INTO `sys_role_has_sys_module` (`roleId`, `moduleId`) VALUES ('1', '20');
INSERT INTO `sys_role_has_sys_module` (`roleId`, `moduleId`) VALUES	('1', '21');
INSERT INTO `sys_role_has_sys_module` (`roleId`, `moduleId`) VALUES	('1', '23');

INSERT INTO `sys_role_has_sys_module` (`roleId`, `moduleId`) VALUES	('1', '24');
INSERT INTO `sys_role_has_sys_module` (`roleId`, `moduleId`) VALUES	('1', '25');
INSERT INTO `sys_role_has_sys_module` (`roleId`, `moduleId`) VALUES	('1', '26');
INSERT INTO `sys_role_has_sys_module` (`roleId`, `moduleId`) VALUES	('1', '27');
INSERT INTO `sys_role_has_sys_module` (`roleId`, `moduleId`) VALUES	('1', '28');
INSERT INTO `sys_role_has_sys_module` (`roleId`, `moduleId`) VALUES	('1', '29');

INSERT INTO `sys_role_has_sys_module` (`roleId`, `moduleId`) VALUES	('1', '30');
INSERT INTO `sys_role_has_sys_module` (`roleId`, `moduleId`) VALUES	('1', '31');
INSERT INTO `sys_role_has_sys_module` (`roleId`, `moduleId`) VALUES	('1', '32');
INSERT INTO `sys_role_has_sys_module` (`roleId`, `moduleId`) VALUES	('1', '33');
INSERT INTO `sys_role_has_sys_module` (`roleId`, `moduleId`) VALUES	('1', '34');


INSERT INTO `sys_role_has_sys_module` (`roleId`, `moduleId`) VALUES ('2', '11');
INSERT INTO `sys_role_has_sys_module` (`roleId`, `moduleId`) VALUES ('2', '12');
INSERT INTO `sys_role_has_sys_module` (`roleId`, `moduleId`) VALUES ('2', '13');
INSERT INTO `sys_role_has_sys_module` (`roleId`, `moduleId`) VALUES ('2', '14');
INSERT INTO `sys_role_has_sys_module` (`roleId`, `moduleId`) VALUES ('2', '22');

INSERT INTO `sys_role_has_sys_module` (`roleId`, `moduleId`) VALUES	('2', '31');
INSERT INTO `sys_role_has_sys_module` (`roleId`, `moduleId`) VALUES	('2', '32');
INSERT INTO `sys_role_has_sys_module` (`roleId`, `moduleId`) VALUES	('2', '33');
INSERT INTO `sys_role_has_sys_module` (`roleId`, `moduleId`) VALUES	('2', '34');

INSERT INTO `sys_configuration` (`propertyKey`, `propertyValue`, `desc`, `status`, `createTime`, `updateTime`) VALUES ('workProcess.cutOrder.piece.price', '5', '划单价格分', '0', CURRENT_TIMESTAMP, CURRENT_TIMESTAMP);
INSERT INTO `sys_configuration` (`propertyKey`, `propertyValue`, `desc`, `status`, `createTime`, `updateTime`) VALUES ('workProcess.picking.piece.price', '10', '捡货价格分', '0', CURRENT_TIMESTAMP, CURRENT_TIMESTAMP);
INSERT INTO `sys_configuration` (`propertyKey`, `propertyValue`, `desc`, `status`, `createTime`, `updateTime`) VALUES ('workProcess.wrapp.piece.price', '20', '包装价格分', '0', CURRENT_TIMESTAMP, CURRENT_TIMESTAMP);
INSERT INTO `sys_configuration` (`propertyKey`, `propertyValue`, `desc`, `status`, `createTime`, `updateTime`) VALUES ('workProcess.package.piece.price', '15', '打包价格分', '0', CURRENT_TIMESTAMP, CURRENT_TIMESTAMP);

INSERT INTO `replace_keywords` (`replaceKeywordsId`, `keyword`, `type`, `status`, `createTime`, `updateTime`) VALUES (NULL, '_颜色款式随机', 'goods', '0', CURRENT_TIMESTAMP, CURRENT_TIMESTAMP);
INSERT INTO `replace_keywords` (`replaceKeywordsId`, `keyword`, `type`, `status`, `createTime`, `updateTime`) VALUES (NULL, '_颜色款随机', 'goods', '0', CURRENT_TIMESTAMP, CURRENT_TIMESTAMP);
INSERT INTO `replace_keywords` (`replaceKeywordsId`, `keyword`, `type`, `status`, `createTime`, `updateTime`) VALUES (NULL, '_颜色款式随', 'goods', '0', CURRENT_TIMESTAMP, CURRENT_TIMESTAMP);
INSERT INTO `replace_keywords` (`replaceKeywordsId`, `keyword`, `type`, `status`, `createTime`, `updateTime`) VALUES (NULL, '_颜色随机', 'goods', '0', CURRENT_TIMESTAMP, CURRENT_TIMESTAMP);
INSERT INTO `replace_keywords` (`replaceKeywordsId`, `keyword`, `type`, `status`, `createTime`, `updateTime`) VALUES (NULL, '_默认', 'goods', '0', CURRENT_TIMESTAMP, CURRENT_TIMESTAMP);

# 大包裹
INSERT INTO `replace_keywords` (`replaceKeywordsId`, `keyword`, `type`, `status`, `createTime`, `updateTime`) VALUES (NULL, '小蜜蜂多功能扩音器', 'bigPackage', '0', CURRENT_TIMESTAMP, CURRENT_TIMESTAMP);
INSERT INTO `replace_keywords` (`replaceKeywordsId`, `keyword`, `type`, `status`, `createTime`, `updateTime`) VALUES (NULL, '迪士尼中号双面涂鸦画板', 'bigPackage', '0', CURRENT_TIMESTAMP, CURRENT_TIMESTAMP);
INSERT INTO `replace_keywords` (`replaceKeywordsId`, `keyword`, `type`, `status`, `createTime`, `updateTime`) VALUES (NULL, '乔丹高档纯手工牛皮篮球', 'bigPackage', '0', CURRENT_TIMESTAMP, CURRENT_TIMESTAMP);
INSERT INTO `replace_keywords` (`replaceKeywordsId`, `keyword`, `type`, `status`, `createTime`, `updateTime`) VALUES (NULL, '南华利生手缝5号标准足球', 'bigPackage', '0', CURRENT_TIMESTAMP, CURRENT_TIMESTAMP);
INSERT INTO `replace_keywords` (`replaceKeywordsId`, `keyword`, `type`, `status`, `createTime`, `updateTime`) VALUES (NULL, '碳杆一体羽毛球拍', 'bigPackage', '0', CURRENT_TIMESTAMP, CURRENT_TIMESTAMP);
INSERT INTO `replace_keywords` (`replaceKeywordsId`, `keyword`, `type`, `status`, `createTime`, `updateTime`) VALUES (NULL, '铝合金羽毛球拍', 'bigPackage', '0', CURRENT_TIMESTAMP, CURRENT_TIMESTAMP);
INSERT INTO `replace_keywords` (`replaceKeywordsId`, `keyword`, `type`, `status`, `createTime`, `updateTime`) VALUES (NULL, '大富翁大磁石三用棋', 'bigPackage', '0', CURRENT_TIMESTAMP, CURRENT_TIMESTAMP);
INSERT INTO `replace_keywords` (`replaceKeywordsId`, `keyword`, `type`, `status`, `createTime`, `updateTime`) VALUES (NULL, '乔丹高弹PU篮球', 'bigPackage', '0', CURRENT_TIMESTAMP, CURRENT_TIMESTAMP);
INSERT INTO `replace_keywords` (`replaceKeywordsId`, `keyword`, `type`, `status`, `createTime`, `updateTime`) VALUES (NULL, '手缝5号标准足球', 'bigPackage', '0', CURRENT_TIMESTAMP, CURRENT_TIMESTAMP);
INSERT INTO `replace_keywords` (`replaceKeywordsId`, `keyword`, `type`, `status`, `createTime`, `updateTime`) VALUES (NULL, '铁合金分体羽毛球拍', 'bigPackage', '0', CURRENT_TIMESTAMP, CURRENT_TIMESTAMP);
INSERT INTO `replace_keywords` (`replaceKeywordsId`, `keyword`, `type`, `status`, `createTime`, `updateTime`) VALUES (NULL, '认知发现学习理论与论著选读（1、2、3、4）', 'bigPackage', '0', CURRENT_TIMESTAMP, CURRENT_TIMESTAMP);
INSERT INTO `replace_keywords` (`replaceKeywordsId`, `keyword`, `type`, `status`, `createTime`, `updateTime`) VALUES (NULL, '科学冒险岛系列图书全套1-6册', 'bigPackage', '0', CURRENT_TIMESTAMP, CURRENT_TIMESTAMP);
INSERT INTO `replace_keywords` (`replaceKeywordsId`, `keyword`, `type`, `status`, `createTime`, `updateTime`) VALUES (NULL, '欢乐摩天轮轨道火车', 'bigPackage', '0', CURRENT_TIMESTAMP, CURRENT_TIMESTAMP);
INSERT INTO `replace_keywords` (`replaceKeywordsId`, `keyword`, `type`, `status`, `createTime`, `updateTime`) VALUES (NULL, '1：12智能声光惯性军事车', 'bigPackage', '0', CURRENT_TIMESTAMP, CURRENT_TIMESTAMP);
INSERT INTO `replace_keywords` (`replaceKeywordsId`, `keyword`, `type`, `status`, `createTime`, `updateTime`) VALUES (NULL, '智能恐龙遥控教学机', 'bigPackage', '0', CURRENT_TIMESTAMP, CURRENT_TIMESTAMP);
INSERT INTO `replace_keywords` (`replaceKeywordsId`, `keyword`, `type`, `status`, `createTime`, `updateTime`) VALUES (NULL, '游乐园系列旋转飞机拼图积木', 'bigPackage', '0', CURRENT_TIMESTAMP, CURRENT_TIMESTAMP);
INSERT INTO `replace_keywords` (`replaceKeywordsId`, `keyword`, `type`, `status`, `createTime`, `updateTime`) VALUES (NULL, '游乐园系列摩天轮立体拼图积木', 'bigPackage', '0', CURRENT_TIMESTAMP, CURRENT_TIMESTAMP);
INSERT INTO `replace_keywords` (`replaceKeywordsId`, `keyword`, `type`, `status`, `createTime`, `updateTime`) VALUES (NULL, '变形金刚机器人模型', 'bigPackage', '0', CURRENT_TIMESTAMP, CURRENT_TIMESTAMP);
INSERT INTO `replace_keywords` (`replaceKeywordsId`, `keyword`, `type`, `status`, `createTime`, `updateTime`) VALUES (NULL, '贝贝猴充电台灯', 'bigPackage', '0', CURRENT_TIMESTAMP, CURRENT_TIMESTAMP);
INSERT INTO `replace_keywords` (`replaceKeywordsId`, `keyword`, `type`, `status`, `createTime`, `updateTime`) VALUES (NULL, '手工压花器中套组合杂款套装', 'bigPackage', '0', CURRENT_TIMESTAMP, CURRENT_TIMESTAMP);
INSERT INTO `replace_keywords` (`replaceKeywordsId`, `keyword`, `type`, `status`, `createTime`, `updateTime`) VALUES (NULL, '打花器压花机特大套装36枚装', 'bigPackage', '0', CURRENT_TIMESTAMP, CURRENT_TIMESTAMP);
INSERT INTO `replace_keywords` (`replaceKeywordsId`, `keyword`, `type`, `status`, `createTime`, `updateTime`) VALUES (NULL, '晨语简单爱系列时尚潮流双肩包', 'bigPackage', '0', CURRENT_TIMESTAMP, CURRENT_TIMESTAMP);
INSERT INTO `replace_keywords` (`replaceKeywordsId`, `keyword`, `type`, `status`, `createTime`, `updateTime`) VALUES (NULL, '经典创意可伸缩书立', 'bigPackage', '0', CURRENT_TIMESTAMP, CURRENT_TIMESTAMP);
INSERT INTO `replace_keywords` (`replaceKeywordsId`, `keyword`, `type`, `status`, `createTime`, `updateTime`) VALUES (NULL, '可爱女孩卡通双肩包', 'bigPackage', '0', CURRENT_TIMESTAMP, CURRENT_TIMESTAMP);
INSERT INTO `replace_keywords` (`replaceKeywordsId`, `keyword`, `type`, `status`, `createTime`, `updateTime`) VALUES (NULL, '亚力亚合金羽毛球拍', 'bigPackage', '0', CURRENT_TIMESTAMP, CURRENT_TIMESTAMP);
INSERT INTO `replace_keywords` (`replaceKeywordsId`, `keyword`, `type`, `status`, `createTime`, `updateTime`) VALUES (NULL, '鼎立合金分体两只装羽毛球拍', 'bigPackage', '0', CURRENT_TIMESTAMP, CURRENT_TIMESTAMP);
INSERT INTO `replace_keywords` (`replaceKeywordsId`, `keyword`, `type`, `status`, `createTime`, `updateTime`) VALUES (NULL, '亚力亚铝合金碳杆一体羽毛球拍', 'bigPackage', '0', CURRENT_TIMESTAMP, CURRENT_TIMESTAMP);
INSERT INTO `replace_keywords` (`replaceKeywordsId`, `keyword`, `type`, `status`, `createTime`, `updateTime`) VALUES (NULL, '单只装全碳素羽毛球拍', 'bigPackage', '0', CURRENT_TIMESTAMP, CURRENT_TIMESTAMP);
INSERT INTO `replace_keywords` (`replaceKeywordsId`, `keyword`, `type`, `status`, `createTime`, `updateTime`) VALUES (NULL, '高档碳铝网球拍单只装', 'bigPackage', '0', CURRENT_TIMESTAMP, CURRENT_TIMESTAMP);
INSERT INTO `replace_keywords` (`replaceKeywordsId`, `keyword`, `type`, `status`, `createTime`, `updateTime`) VALUES (NULL, '初级系列铝合金网球拍', 'bigPackage', '0', CURRENT_TIMESTAMP, CURRENT_TIMESTAMP);
INSERT INTO `replace_keywords` (`replaceKeywordsId`, `keyword`, `type`, `status`, `createTime`, `updateTime`) VALUES (NULL, '弘梅便携实用毛笔书法套装', 'bigPackage', '0', CURRENT_TIMESTAMP, CURRENT_TIMESTAMP);
INSERT INTO `replace_keywords` (`replaceKeywordsId`, `keyword`, `type`, `status`, `createTime`, `updateTime`) VALUES (NULL, '精品狼羊兼豪中号书法毛笔', 'bigPackage', '0', CURRENT_TIMESTAMP, CURRENT_TIMESTAMP);
INSERT INTO `replace_keywords` (`replaceKeywordsId`, `keyword`, `type`, `status`, `createTime`, `updateTime`) VALUES (NULL, '高档羊毫书画练字毛笔大中小三支套装', 'bigPackage', '0', CURRENT_TIMESTAMP, CURRENT_TIMESTAMP);
INSERT INTO `replace_keywords` (`replaceKeywordsId`, `keyword`, `type`, `status`, `createTime`, `updateTime`) VALUES (NULL, '北尾狼毫小号毛笔', 'bigPackage', '0', CURRENT_TIMESTAMP, CURRENT_TIMESTAMP);
INSERT INTO `replace_keywords` (`replaceKeywordsId`, `keyword`, `type`, `status`, `createTime`, `updateTime`) VALUES (NULL, '益智拼图飞行棋', 'bigPackage', '0', CURRENT_TIMESTAMP, CURRENT_TIMESTAMP);
INSERT INTO `replace_keywords` (`replaceKeywordsId`, `keyword`, `type`, `status`, `createTime`, `updateTime`) VALUES (NULL, '两栖无人飞机四轴飞行遥控电动玩具', 'bigPackage', '0', CURRENT_TIMESTAMP, CURRENT_TIMESTAMP);
INSERT INTO `replace_keywords` (`replaceKeywordsId`, `keyword`, `type`, `status`, `createTime`, `updateTime`) VALUES (NULL, '炫影超大合金3.5通道直升飞机电动航空玩具', 'bigPackage', '0', CURRENT_TIMESTAMP, CURRENT_TIMESTAMP);
INSERT INTO `replace_keywords` (`replaceKeywordsId`, `keyword`, `type`, `status`, `createTime`, `updateTime`) VALUES (NULL, 'EVA益智拼图大富翁环游世界', 'bigPackage', '0', CURRENT_TIMESTAMP, CURRENT_TIMESTAMP);
INSERT INTO `replace_keywords` (`replaceKeywordsId`, `keyword`, `type`, `status`, `createTime`, `updateTime`) VALUES (NULL, '魅影合金机型遥控飞机', 'bigPackage', '0', CURRENT_TIMESTAMP, CURRENT_TIMESTAMP);
INSERT INTO `replace_keywords` (`replaceKeywordsId`, `keyword`, `type`, `status`, `createTime`, `updateTime`) VALUES (NULL, '1：16四通道遥控车模玩具', 'bigPackage', '0', CURRENT_TIMESTAMP, CURRENT_TIMESTAMP);
INSERT INTO `replace_keywords` (`replaceKeywordsId`, `keyword`, `type`, `status`, `createTime`, `updateTime`) VALUES (NULL, '酷变战神遥控变形机器人汽车玩具', 'bigPackage', '0', CURRENT_TIMESTAMP, CURRENT_TIMESTAMP);
INSERT INTO `replace_keywords` (`replaceKeywordsId`, `keyword`, `type`, `status`, `createTime`, `updateTime`) VALUES (NULL, '托马斯卡通重力遥控翻滚车', 'bigPackage', '0', CURRENT_TIMESTAMP, CURRENT_TIMESTAMP);
INSERT INTO `replace_keywords` (`replaceKeywordsId`, `keyword`, `type`, `status`, `createTime`, `updateTime`) VALUES (NULL, 'S300地空导弹系统雷达车1：72拼装军事战车模型', 'bigPackage', '0', CURRENT_TIMESTAMP, CURRENT_TIMESTAMP);
INSERT INTO `replace_keywords` (`replaceKeywordsId`, `keyword`, `type`, `status`, `createTime`, `updateTime`) VALUES (NULL, '地空导弹系统拼装模型', 'bigPackage', '0', CURRENT_TIMESTAMP, CURRENT_TIMESTAMP);
INSERT INTO `replace_keywords` (`replaceKeywordsId`, `keyword`, `type`, `status`, `createTime`, `updateTime`) VALUES (NULL, '迪士尼文具礼盒套装Z6972_粉色', 'bigPackage', '0', CURRENT_TIMESTAMP, CURRENT_TIMESTAMP);
INSERT INTO `replace_keywords` (`replaceKeywordsId`, `keyword`, `type`, `status`, `createTime`, `updateTime`) VALUES (NULL, '迪士尼文具礼盒套装Z6972_蓝色', 'bigPackage', '0', CURRENT_TIMESTAMP, CURRENT_TIMESTAMP);
INSERT INTO `replace_keywords` (`replaceKeywordsId`, `keyword`, `type`, `status`, `createTime`, `updateTime`) VALUES (NULL, '迪士尼书包文具豪华礼盒套装Z6970_粉色', 'bigPackage', '0', CURRENT_TIMESTAMP, CURRENT_TIMESTAMP);
INSERT INTO `replace_keywords` (`replaceKeywordsId`, `keyword`, `type`, `status`, `createTime`, `updateTime`) VALUES (NULL, '迪士尼书包文具豪华礼盒套装Z6970_蓝色', 'bigPackage', '0', CURRENT_TIMESTAMP, CURRENT_TIMESTAMP);
INSERT INTO `replace_keywords` (`replaceKeywordsId`, `keyword`, `type`, `status`, `createTime`, `updateTime`) VALUES (NULL, '迪士尼卡通儿童学生文具组合套装Z6977_粉色', 'bigPackage', '0', CURRENT_TIMESTAMP, CURRENT_TIMESTAMP);
INSERT INTO `replace_keywords` (`replaceKeywordsId`, `keyword`, `type`, `status`, `createTime`, `updateTime`) VALUES (NULL, '迪士尼卡通儿童学生文具组合套装Z6977_蓝色', 'bigPackage', '0', CURRENT_TIMESTAMP, CURRENT_TIMESTAMP);
INSERT INTO `replace_keywords` (`replaceKeywordsId`, `keyword`, `type`, `status`, `createTime`, `updateTime`) VALUES (NULL, '迪士尼超豪华文具大礼包套装Z6009_粉色', 'bigPackage', '0', CURRENT_TIMESTAMP, CURRENT_TIMESTAMP);
INSERT INTO `replace_keywords` (`replaceKeywordsId`, `keyword`, `type`, `status`, `createTime`, `updateTime`) VALUES (NULL, '迪士尼超豪华文具大礼包套装Z6009_蓝色', 'bigPackage', '0', CURRENT_TIMESTAMP, CURRENT_TIMESTAMP);
INSERT INTO `replace_keywords` (`replaceKeywordsId`, `keyword`, `type`, `status`, `createTime`, `updateTime`) VALUES (NULL, '迪士尼豪华版水杯文具大礼盒Z6978_粉色', 'bigPackage', '0', CURRENT_TIMESTAMP, CURRENT_TIMESTAMP);
INSERT INTO `replace_keywords` (`replaceKeywordsId`, `keyword`, `type`, `status`, `createTime`, `updateTime`) VALUES (NULL, '迪士尼豪华版水杯文具大礼盒Z6978_蓝色', 'bigPackage', '0', CURRENT_TIMESTAMP, CURRENT_TIMESTAMP);
INSERT INTO `replace_keywords` (`replaceKeywordsId`, `keyword`, `type`, `status`, `createTime`, `updateTime`) VALUES (NULL, '迪士尼90样美劳派_粉色', 'bigPackage', '0', CURRENT_TIMESTAMP, CURRENT_TIMESTAMP);
INSERT INTO `replace_keywords` (`replaceKeywordsId`, `keyword`, `type`, `status`, `createTime`, `updateTime`) VALUES (NULL, '迪士尼90样美劳派_蓝色', 'bigPackage', '0', CURRENT_TIMESTAMP, CURRENT_TIMESTAMP);
INSERT INTO `replace_keywords` (`replaceKeywordsId`, `keyword`, `type`, `status`, `createTime`, `updateTime`) VALUES (NULL, '迪士尼文具礼盒套装Z6972', 'bigPackage', '0', CURRENT_TIMESTAMP, CURRENT_TIMESTAMP);
INSERT INTO `replace_keywords` (`replaceKeywordsId`, `keyword`, `type`, `status`, `createTime`, `updateTime`) VALUES (NULL, '迪士尼书包文具豪华礼盒套装Z6970', 'bigPackage', '0', CURRENT_TIMESTAMP, CURRENT_TIMESTAMP);
INSERT INTO `replace_keywords` (`replaceKeywordsId`, `keyword`, `type`, `status`, `createTime`, `updateTime`) VALUES (NULL, '迪士尼卡通儿童学生文具组合套装Z6977', 'bigPackage', '0', CURRENT_TIMESTAMP, CURRENT_TIMESTAMP);
INSERT INTO `replace_keywords` (`replaceKeywordsId`, `keyword`, `type`, `status`, `createTime`, `updateTime`) VALUES (NULL, '迪士尼超豪华文具大礼包套装Z6009', 'bigPackage', '0', CURRENT_TIMESTAMP, CURRENT_TIMESTAMP);
INSERT INTO `replace_keywords` (`replaceKeywordsId`, `keyword`, `type`, `status`, `createTime`, `updateTime`) VALUES (NULL, '迪士尼豪华版水杯文具大礼盒Z6978', 'bigPackage', '0', CURRENT_TIMESTAMP, CURRENT_TIMESTAMP);
INSERT INTO `replace_keywords` (`replaceKeywordsId`, `keyword`, `type`, `status`, `createTime`, `updateTime`) VALUES (NULL, '迪士尼90样美劳派', 'bigPackage', '0', CURRENT_TIMESTAMP, CURRENT_TIMESTAMP);
INSERT INTO `replace_keywords` (`replaceKeywordsId`, `keyword`, `type`, `status`, `createTime`, `updateTime`) VALUES (NULL, '1:12无线充电遥控越野车', 'bigPackage', '0', CURRENT_TIMESTAMP, CURRENT_TIMESTAMP);
INSERT INTO `replace_keywords` (`replaceKeywordsId`, `keyword`, `type`, `status`, `createTime`, `updateTime`) VALUES (NULL, '1:12无线充电遥控越野车_红色', 'bigPackage', '0', CURRENT_TIMESTAMP, CURRENT_TIMESTAMP);
INSERT INTO `replace_keywords` (`replaceKeywordsId`, `keyword`, `type`, `status`, `createTime`, `updateTime`) VALUES (NULL, '1:12无线充电遥控越野车_黄色', 'bigPackage', '0', CURRENT_TIMESTAMP, CURRENT_TIMESTAMP);
INSERT INTO `replace_keywords` (`replaceKeywordsId`, `keyword`, `type`, `status`, `createTime`, `updateTime`) VALUES (NULL, '小黄人系列特技翻滚车', 'bigPackage', '0', CURRENT_TIMESTAMP, CURRENT_TIMESTAMP);
INSERT INTO `replace_keywords` (`replaceKeywordsId`, `keyword`, `type`, `status`, `createTime`, `updateTime`) VALUES (NULL, '仿真遥控对战坦克', 'bigPackage', '0', CURRENT_TIMESTAMP, CURRENT_TIMESTAMP);
INSERT INTO `replace_keywords` (`replaceKeywordsId`, `keyword`, `type`, `status`, `createTime`, `updateTime`) VALUES (NULL, '左轮软弹玩具手枪', 'bigPackage', '0', CURRENT_TIMESTAMP, CURRENT_TIMESTAMP);
INSERT INTO `replace_keywords` (`replaceKeywordsId`, `keyword`, `type`, `status`, `createTime`, `updateTime`) VALUES (NULL, '快乐钓鱼多功能音乐玩具', 'bigPackage', '0', CURRENT_TIMESTAMP, CURRENT_TIMESTAMP);
INSERT INTO `replace_keywords` (`replaceKeywordsId`, `keyword`, `type`, `status`, `createTime`, `updateTime`) VALUES (NULL, '侏罗纪新世界塑胶恐龙模型', 'bigPackage', '0', CURRENT_TIMESTAMP, CURRENT_TIMESTAMP);
INSERT INTO `replace_keywords` (`replaceKeywordsId`, `keyword`, `type`, `status`, `createTime`, `updateTime`) VALUES (NULL, '暴龙四旋翼飞行器', 'bigPackage', '0', CURRENT_TIMESTAMP, CURRENT_TIMESTAMP);
INSERT INTO `replace_keywords` (`replaceKeywordsId`, `keyword`, `type`, `status`, `createTime`, `updateTime`) VALUES (NULL, '沙漠之鹰水弹枪', 'bigPackage', '0', CURRENT_TIMESTAMP, CURRENT_TIMESTAMP);
INSERT INTO `replace_keywords` (`replaceKeywordsId`, `keyword`, `type`, `status`, `createTime`, `updateTime`) VALUES (NULL, '梦幻城堡轨道火车', 'bigPackage', '0', CURRENT_TIMESTAMP, CURRENT_TIMESTAMP);
INSERT INTO `replace_keywords` (`replaceKeywordsId`, `keyword`, `type`, `status`, `createTime`, `updateTime`) VALUES (NULL, '快乐声光电动轨道火车', 'bigPackage', '0', CURRENT_TIMESTAMP, CURRENT_TIMESTAMP);
INSERT INTO `replace_keywords` (`replaceKeywordsId`, `keyword`, `type`, `status`, `createTime`, `updateTime`) VALUES (NULL, '教练版暴龙四旋翼飞行器', 'bigPackage', '0', CURRENT_TIMESTAMP, CURRENT_TIMESTAMP);
INSERT INTO `replace_keywords` (`replaceKeywordsId`, `keyword`, `type`, `status`, `createTime`, `updateTime`) VALUES (NULL, '声光自动变形车模', 'bigPackage', '0', CURRENT_TIMESTAMP, CURRENT_TIMESTAMP);
INSERT INTO `replace_keywords` (`replaceKeywordsId`, `keyword`, `type`, `status`, `createTime`, `updateTime`) VALUES (NULL, '亚力亚初级分体羽毛球拍', 'bigPackage', '0', CURRENT_TIMESTAMP, CURRENT_TIMESTAMP);
INSERT INTO `replace_keywords` (`replaceKeywordsId`, `keyword`, `type`, `status`, `createTime`, `updateTime`) VALUES (NULL, '正品超轻型铝合金羽毛球拍', 'bigPackage', '0', CURRENT_TIMESTAMP, CURRENT_TIMESTAMP);
INSERT INTO `replace_keywords` (`replaceKeywordsId`, `keyword`, `type`, `status`, `createTime`, `updateTime`) VALUES (NULL, '亚力亚铝合金一体进攻型羽毛球拍', 'bigPackage', '0', CURRENT_TIMESTAMP, CURRENT_TIMESTAMP);
INSERT INTO `replace_keywords` (`replaceKeywordsId`, `keyword`, `type`, `status`, `createTime`, `updateTime`) VALUES (NULL, '时尚电子镜像闹钟', 'bigPackage', '0', CURRENT_TIMESTAMP, CURRENT_TIMESTAMP);
INSERT INTO `replace_keywords` (`replaceKeywordsId`, `keyword`, `type`, `status`, `createTime`, `updateTime`) VALUES (NULL, '万年历护眼可充电台灯', 'bigPackage', '0', CURRENT_TIMESTAMP, CURRENT_TIMESTAMP);
INSERT INTO `replace_keywords` (`replaceKeywordsId`, `keyword`, `type`, `status`, `createTime`, `updateTime`) VALUES (NULL, '益智磁力棒积木', 'bigPackage', '0', CURRENT_TIMESTAMP, CURRENT_TIMESTAMP);
INSERT INTO `replace_keywords` (`replaceKeywordsId`, `keyword`, `type`, `status`, `createTime`, `updateTime`) VALUES (NULL, '磁力管趣味声光积木', 'bigPackage', '0', CURRENT_TIMESTAMP, CURRENT_TIMESTAMP);
INSERT INTO `replace_keywords` (`replaceKeywordsId`, `keyword`, `type`, `status`, `createTime`, `updateTime`) VALUES (NULL, '盐水动力自装摩托车玩具', 'bigPackage', '0', CURRENT_TIMESTAMP, CURRENT_TIMESTAMP);
INSERT INTO `replace_keywords` (`replaceKeywordsId`, `keyword`, `type`, `status`, `createTime`, `updateTime`) VALUES (NULL, '一起作业音响', 'bigPackage', '0', CURRENT_TIMESTAMP, CURRENT_TIMESTAMP);
# /大包裹

-- 测试数据
# INSERT INTO `ship_order_source` (`shipOrderSourceId`, `batchNo`, `userId`, `userName`, `province`, `city`, `district`, `school`, `theClass`, `consignee`, `mobile`, `delivery`, `address`, `shipGoods`, `totalCount`, `unitCredits`, `subject`, `campusAmbassador`, `expressId`, `status`, `createTime`, `updateTime`) VALUES (NULL, '201608', '11368', '李莫愁', '北京', '北京', '海淀', '中关村三小', '一年6班', '张三丰', '17012345678', '普通快递', '北京市海淀区上地街道', '爱好迷你两只装修正带_颜色款式随机_X2\n普通型海绵柄专业计数跳绳_颜色随机_X1\n斗兽棋_颜色随机_X1\n正品1：27悍马H2SUT遥控车模 _默认_X1\n大富翁Q版飞行棋_颜色随机_X1\n美国队长人物小号拼装积木_颜色款式随机_X1\n爱好手提式12色印章粗杆水彩笔_颜色随机_X7\nHERO英雄特细铱金钢笔 _默认_X3', '2', '学豆', '英语', b'0', '1', '0', CURRENT_TIMESTAMP, CURRENT_TIMESTAMP);
-- INSERT INTO `ship_order` (`shipOrderId`, `batchNo`, `userId`, `userName`, `province`, `city`, `district`, `school`, `theClass`, `consignee`, `mobile`, `delivery`, `address`, `totalCount`, `unitCredits`, `subject`, `campusAmbassador`, `expressId`, `expressNumber`, `expressCompany`, `printExpress`, `outExpress`, `outVerify`, `status`, `createTime`, `updateTime`) VALUES ('1', '201608', '11368', '李莫愁', '北京', '北京', '海淀', '中关村三小', '一年6班', '张三丰', '17012345678', '普通快递', '北京市海淀区上地街道', '2', '学豆', '英语', b'0', '1', NULL, NULL, b'0', b'0', b'0', '0', CURRENT_TIMESTAMP, CURRENT_TIMESTAMP);

-- 不同工序价格配置
INSERT INTO `sys_configuration` (`propertyKey`, `propertyValue`, `desc`, `status`, `createTime`, `updateTime`)
VALUES
	('workProcess.cutOrder.piece.student.big.price', '5', '学生大包划单价格分', 0, '2016-09-01 23:16:15', '2017-02-26 16:27:12'),
	('workProcess.cutOrder.piece.student.small.price', '5', '学生小包划单价格分', 0, '2016-09-01 23:16:15', '2017-02-26 16:28:25'),
	('workProcess.cutOrder.piece.tech.big.price', '5', '老师大包划单价格分', 0, '2016-09-01 23:16:15', '2017-02-26 16:26:10'),
	('workProcess.cutOrder.piece.tech.small.price', '5', '老师大包划单价格分', 0, '2016-09-01 23:16:15', '2017-02-26 16:27:06'),
	('workProcess.package.piece.student.big.price', '15', '学生大包打包价格分', 0, '2016-09-01 23:16:15', '2017-02-26 16:29:56'),
	('workProcess.package.piece.student.small.price', '15', '学生小打包价格分', 0, '2016-09-01 23:16:15', '2017-02-26 16:30:01'),
	('workProcess.package.piece.tech.big.price', '15', '老师大包打包价格分', 0, '2016-09-01 23:16:15', '2017-02-26 16:30:09'),
	('workProcess.package.piece.tech.small.price', '15', '老师小包打包价格分', 0, '2016-09-01 23:16:15', '2017-02-26 16:30:19'),
	('workProcess.picking.piece.student.big.price', '60', '学生大包捡货价格分', 0, '2016-09-01 23:16:15', '2017-02-26 16:31:24'),
	('workProcess.picking.piece.student.small.price', '60', '学生小包捡货价格分', 0, '2016-09-01 23:16:15', '2017-02-26 16:31:29'),
	('workProcess.picking.piece.tech.big.price', '60', '老师大包捡货价格分', 0, '2016-09-01 23:16:15', '2017-02-26 16:31:37'),
	('workProcess.picking.piece.tech.small.price', '60', '老师小包捡货价格分', 0, '2016-09-01 23:16:15', '2017-02-26 16:31:42'),
	('workProcess.wrapp.piece.student.big.price', '20', '学生大包包装价格分', 0, '2016-09-01 23:16:15', '2017-02-26 16:32:32'),
	('workProcess.wrapp.piece.student.small.price', '20', '学生小包包装价格分', 0, '2016-09-01 23:16:15', '2017-02-26 16:32:40'),
	('workProcess.wrapp.piece.tech.big.price', '20', '老师大包包装价格分', 0, '2016-09-01 23:16:15', '2017-02-26 16:32:46'),
	('workProcess.wrapp.piece.tech.small.price', '20', '老师小包包装价格分', 0, '2016-09-01 23:16:15', '2017-02-26 16:32:52');

-- 导出结果表 type 添加工资类型
ALTER TABLE `export_file` CHANGE `type` `type` ENUM('delivery','order','deliveryResult','deliveryResult')  CHARACTER SET utf8  COLLATE utf8_general_ci  NULL  DEFAULT NULL  COMMENT '文件类型：delivery 快递单 order 发货单 deliveryResult 发货结果';